<?xml version="1.0" encoding="utf-8"?>
<resources>

    <string-array name="ld_activityScreenTitles">
        <item>우연히 봄</item>
        <item>내 프로필</item>
        <item>대화</item>
        <item>연인 확률</item>
        <item>상점</item>

        <item>로그아웃</item>
    </string-array>

    <array name="ld_activityScreenIcons">
        <item>@drawable/outline_favorite_border_black_24dp</item>
        <item>@drawable/ic_account_outline_grey600_24dp</item>
        <item>@drawable/ic_email_outline_grey600_24dp</item>
        <item>@drawable/outline_bluetooth_searching_black_24dp</item>
        <item>@drawable/ic_cart_outline_grey600_24dp</item>
        <item>@drawable/ic_logout_grey600_24dp</item>
    </array>

</resources>