<resources>
    <!-- Default screen margins, per the Android Design guidelines. -->
    <dimen name="activity_horizontal_margin">16dp</dimen>
    <dimen name="activity_vertical_margin">16dp</dimen>

    <dimen name="header_view_start_margin_left">16dp</dimen>
    <dimen name="header_view_end_margin_left">40dp</dimen>
    <dimen name="header_view_end_margin_right">14dp</dimen>
    <dimen name="header_view_start_margin_bottom">14dp</dimen>
    <dimen name="header_view_start_text_size">32sp</dimen>
    <dimen name="header_view_end_text_size">18sp</dimen>

    <dimen name="nav_header_vertical_spacing">8dp</dimen>
    <dimen name="nav_header_height">176dp</dimen>
    <dimen name="fab_margin">16dp</dimen>
    <dimen name="_5dp">5dp</dimen>
    <dimen name="_1dp">1dp</dimen>
    <dimen name="_10dp">10dp</dimen>
</resources>