<resources>
    <string name="app_name">우연히봄</string>
    <string name="account_balance">오늘의 인연</string>
    <string name="balance_currency">%</string>
    <string name="balance_amount">86</string>
    <string name="title_activity_login">LoginActivity</string>
    <string name="prompt_email">Email</string>
    <string name="prompt_password">Password</string>
    <string name="action_sign_in">Sign in or register</string>
    <string name="action_sign_in_short">Sign in</string>
    <string name="welcome">"Welcome !"</string>
    <string name="invalid_username">Not a valid username</string>
    <string name="invalid_password">Password must be >5 characters</string>
    <string name="login_failed">"Login failed"</string>
    <string name="dummy_button">Dummy Button</string>
    <string name="dummy_content">DUMMY\nCONTENT</string>
    <!-- TODO: Remove or change this placeholder text -->
    <string name="hello_blank_fragment">Hello blank fragment</string>

    <!-- TODO: Remove or change this placeholder text -->
    <string name="order_id_mock" translatable="false"># 1234–5678</string>
    <string name="id_mock" translatable="false">$25</string>
    <string name="requests_count_mock" translatable="false">5</string>
    <string name="requests_count_badge" translatable="false">우연히 봄</string>
    <string name="weight_mock" translatable="false">50 oz</string>
    <string name="weight_badge" translatable="false">WEIGHT</string>
    <string name="pledge_mock" translatable="false">$150</string>
    <string name="pledge_badge" translatable="false">PLEDGE</string>
    <string name="sender_badge" translatable="false">SENDER</string>
    <string name="client_name_mock" translatable="false">Edward Norton</string>
    <string name="rating_mock" translatable="false">(26)</string>
    <string name="from_badge" translatable="false">FROM</string>
    <string name="to_badge" translatable="false">TO</string>
    <string name="delivery_date_badge" translatable="false">DELIVERY DATE</string>
    <string name="delivery_time_mock" translatable="false">6:30 pm</string>
    <string name="delivery_date_mock" translatable="false">May 16, 2016</string>
    <string name="deadline_badge" translatable="false">REQUEST DEADLINE</string>
    <string name="deadline_time_mock" translatable="false">24 minutes</string>
    <string name="request_btn_text" translatable="false">REQUEST</string>
    <string name="btn_annotation_mock" translatable="false">5 people have sent a request</string>
    <string name="content_from1_mock">W 90th St</string>
    <string name="content_from2_mock">New York, NY 10025</string>
    <string name="content_to1_mock">46th Ave</string>
    <string name="content_to2_mock">Woodside, NY 11101</string>
    <string name="title_activity_main2">Main2Activity</string>
</resources>