<resources>
    <!-- Base application theme. -->
    <style name="AppTheme" parent="Theme.AppCompat.Light.NoActionBar">
        <!-- Customize your theme here. -->
        <item name="colorPrimary">@color/colorPrimary</item>
        <item name="colorPrimaryDark">@color/colorPrimaryDark</item>
        <item name="colorAccent">@color/colorAccent</item>
    </style>
    <style name="EditScreenTextInputLayoutStyle" parent="Theme.AppCompat.Light.NoActionBar">
        <item name="colorControlNormal">@color/textInputLayout</item>
        <item name="colorControlActivated">@color/textInputLayout</item>
        <item name="colorControlHighlight">@color/textInputLayout</item>
        <item name="colorAccent">@color/textInputLayout</item>
        <item name="android:textColorHint">@color/textInputLayout</item>
    </style>
    <style name="MyDatePicker" parent="android:Widget.Material.Light.DatePicker">
        <item name="android:textColorPrimary">@color/colorPrimary</item>
        <item name="colorPrimary">@color/colorPrimary</item>
        <item name="colorPrimaryDark">@color/colorPrimaryDark</item>
        <item name="android:textColorHighlight">@color/colorPrimaryDark</item>
        <item name="colorAccent">@color/colorAccent</item>
    </style>
    <style name="ContentImageBadgeTitle" parent="AppTheme">
        <item name="android:alpha">0.5</item>
        <item name="android:textColor">@android:color/white</item>
        <item name="android:textSize">12dp</item>
    </style>

    <style name="ContentImageBadgeText" parent="AppTheme">
        <item name="android:textColor">@android:color/white</item>
        <item name="android:textSize">20dp</item>
        <item name="android:textStyle">bold</item>

    </style>

    <style name="ContentMainBadgeTitle" parent="AppTheme">
        <item name="android:textColor">@color/contentBadgeTitle</item>
        <item name="android:textSize">12dp</item>
    </style>

    <style name="TitleBadgeText" parent="AppTheme">
        <item name="android:textColor">@color/titleBadgeText</item>
        <item name="android:textSize">20dp</item>
    </style>

    <style name="TitleBadgeTitle" parent="AppTheme">
        <item name="android:textColor">@color/titleBadgeTitle</item>
        <item name="android:textSize">12dp</item>
    </style>
</resources>