<?xml version="1.0" encoding="utf-8"?>
<layer-list xmlns:android="http://schemas.android.com/apk/res/android">
    <item
        android:id="@android:id/background"
        android:gravity="center_vertical|fill_horizontal">
        <shape
            android:shape="rectangle"
            android:tint="@color/grey">
            <corners android:radius="2dp" />
            <size android:height="2dp" />
            <solid android:color="@color/light_grey" />
        </shape>
    </item>
    <item
        android:id="@android:id/progress"
        android:gravity="center_vertical|fill_horizontal">
        <scale android:scaleWidth="100%">
            <selector>
                <item
                    android:drawable="@android:color/transparent"
                    android:state_enabled="false" />
                <item>
                    <shape
                        android:shape="rectangle"
                        android:tint="@color/colorPrimaryDark">
                        <corners android:radius="8dp" />
                        <size android:height="5dp" />
                        <solid android:color="@color/colorPrimaryDark" />
                    </shape>
                </item>
            </selector>
        </scale>
    </item>
</layer-list>