<?xml version="1.0" encoding="utf-8"?>
<selector xmlns:android="http://schemas.android.com/apk/res/android">
    <item android:state_focused="true">
        <shape>
            <corners android:radius="@dimen/_1dp" />
            <solid android:color="@color/white" />
            <stroke android:width="1dp" android:color="#D81B60" />
        </shape>
    </item>
    <item>
        <shape>
            <corners android:radius="@dimen/_1dp" />
            <solid android:color="@color/white" />
            <stroke android:width="2dp" android:color="#DCDCDC" />

        </shape>
    </item>

</selector>